size,seed,model,accuracy,precision,recall,f1,runtime,total_budget,avg_budget_per_node,scheduler_efficiency,med_mean,med_skew
small,0,baseline,1.0,1.0,1.0,1.0,0.3665189743041992,87300.0,291.0,1.145475372279496e-05,,
small,0,scheduled,1.0,1.0,1.0,1.0,0.2848954200744629,62970.0,209.89999389648438,1.588057805304113e-05,0.1926828771829605,0.25285568833351135
small,1,baseline,0.9833333333333333,0.9861111111111112,0.9824561403508771,0.9838987924094308,0.3628566265106201,90000.0,300.0,1.0925925925925925e-05,,
small,1,scheduled,0.95,0.9557894736842106,0.9473684210526315,0.9485306735306734,0.3106577396392822,62970.0,209.89999389648438,1.5086549150389073e-05,0.21043244004249573,0.19997334480285645
small,2,baseline,1.0,1.0,1.0,1.0,0.38138318061828613,90000.0,300.0,1.1111111111111112e-05,,
small,2,scheduled,0.9833333333333333,0.9791666666666666,0.9861111111111112,0.9821551132463967,0.34830379486083984,62970.0,209.89999389648438,1.5615901752157112e-05,0.17672577500343323,0.2942958176136017
small,3,baseline,1.0,1.0,1.0,1.0,0.4912550449371338,90000.0,300.0,1.1111111111111112e-05,,
small,3,scheduled,0.95,0.949667616334283,0.9565217391304347,0.9505903398926655,0.4475433826446533,62970.0,209.89999389648438,1.5086549150389073e-05,0.22781354188919067,0.09463625401258469
small,4,baseline,0.9833333333333333,0.9841269841269842,0.9848484848484849,0.9841179807146908,0.3483874797821045,81000.0,270.0,1.213991769547325e-05,,
small,4,scheduled,0.9833333333333333,0.9841269841269842,0.9848484848484849,0.9841179807146908,0.3152613639831543,62970.0,209.89999389648438,1.5615901752157112e-05,0.17295727133750916,0.34005680680274963
small,5,baseline,0.9833333333333333,0.9848484848484849,0.9841269841269842,0.9841179807146908,0.3988037109375,90000.0,300.0,1.0925925925925925e-05,,
small,5,scheduled,0.9666666666666667,0.9710144927536232,0.9682539682539683,0.9681818181818181,0.2924041748046875,62970.0,209.89999389648438,1.5351225451273094e-05,0.2123943418264389,0.18230557441711426
small,6,baseline,1.0,1.0,1.0,1.0,0.31566405296325684,76500.0,255.0,1.30718954248366e-05,,
small,6,scheduled,0.9666666666666667,0.9710144927536232,0.9607843137254902,0.9640151515151515,0.3223545551300049,62970.0,209.89999389648438,1.5351225451273094e-05,0.18466146290302277,0.28923264145851135
small,7,baseline,0.9833333333333333,0.9866666666666667,0.9803921568627452,0.9830962688105546,0.2812492847442627,63900.0,213.0,1.5388628064684403e-05,,
small,7,scheduled,1.0,1.0,1.0,1.0,0.29746150970458984,62970.0,209.89999389648438,1.588057805304113e-05,0.1599586457014084,0.39435452222824097
small,8,baseline,1.0,1.0,1.0,1.0,0.40453004837036133,90000.0,300.0,1.1111111111111112e-05,,
small,8,scheduled,0.95,0.9500000000000001,0.9565217391304347,0.9506533178503802,0.3054382801055908,62970.0,209.89999389648438,1.5086549150389073e-05,0.1881444901227951,0.25727686285972595
small,9,baseline,0.9833333333333333,0.9833333333333334,0.9848484848484849,0.9837010534684953,0.39995670318603516,90000.0,300.0,1.0925925925925925e-05,,
small,9,scheduled,0.9333333333333333,0.9365079365079364,0.934609250398724,0.9344018437041693,0.30156898498535156,62970.0,209.89999389648438,1.4821872849505055e-05,0.19546282291412354,0.25779780745506287
small,10,baseline,1.0,1.0,1.0,1.0,0.3860468864440918,90000.0,300.0,1.1111111111111112e-05,,
small,10,scheduled,1.0,1.0,1.0,1.0,0.30578088760375977,62970.0,209.89999389648438,1.588057805304113e-05,0.17740963399410248,0.3172008991241455
small,11,baseline,1.0,1.0,1.0,1.0,0.37788891792297363,90000.0,300.0,1.1111111111111112e-05,,
small,11,scheduled,0.9666666666666667,0.9696342305037957,0.9645191409897292,0.9666185666185667,0.3000519275665283,62970.0,209.89999389648438,1.5351225451273094e-05,0.17282727360725403,0.3512010872364044
small,12,baseline,1.0,1.0,1.0,1.0,0.37763094902038574,90000.0,300.0,1.1111111111111112e-05,,
small,12,scheduled,0.9333333333333333,0.9297924297924299,0.9228937728937728,0.9257522062400111,0.2830326557159424,62970.0,209.89999389648438,1.4821872849505055e-05,0.21697479486465454,0.17685002088546753
small,13,baseline,1.0,1.0,1.0,1.0,0.3606851100921631,90000.0,300.0,1.1111111111111112e-05,,
small,13,scheduled,0.9333333333333333,0.9356884057971014,0.9292929292929294,0.9297765617875057,0.29532480239868164,62970.0,209.89999389648438,1.4821872849505055e-05,0.2328893095254898,0.11097689718008041
small,14,baseline,1.0,1.0,1.0,1.0,0.3489663600921631,81900.0,273.0,1.221001221001221e-05,,
small,14,scheduled,0.9333333333333333,0.9410256410256411,0.9236326109391125,0.9287675765095119,0.3030374050140381,62970.0,209.89999389648438,1.4821872849505055e-05,0.1665956825017929,0.382546991109848
small,15,baseline,1.0,1.0,1.0,1.0,0.38917064666748047,90000.0,300.0,1.1111111111111112e-05,,
small,15,scheduled,1.0,1.0,1.0,1.0,0.2944190502166748,62970.0,209.89999389648438,1.588057805304113e-05,0.21867939829826355,0.1912858784198761
small,16,baseline,1.0,1.0,1.0,1.0,0.40680885314941406,90000.0,300.0,1.1111111111111112e-05,,
small,16,scheduled,0.9833333333333333,0.9855072463768115,0.9841269841269842,0.9844625112917796,0.2780025005340576,62970.0,209.89999389648438,1.5615901752157112e-05,0.18324938416481018,0.2883976101875305
small,17,baseline,0.9666666666666667,0.970959595959596,0.9638888888888889,0.9668649202530518,0.39505553245544434,90000.0,300.0,1.074074074074074e-05,,
small,17,scheduled,0.9,0.9031029357116314,0.8896825396825396,0.8943001443001443,0.45485806465148926,62970.0,209.89999389648438,1.4292520247737017e-05,0.20504282414913177,0.24003134667873383
small,18,baseline,1.0,1.0,1.0,1.0,0.5319607257843018,90000.0,300.0,1.1111111111111112e-05,,
small,18,scheduled,0.9333333333333333,0.9350705194358445,0.9327731092436974,0.9325660699062234,0.37785983085632324,62970.0,209.89999389648438,1.4821872849505055e-05,0.22888608276844025,0.14967136085033417
small,19,baseline,1.0,1.0,1.0,1.0,0.36797285079956055,90000.0,300.0,1.1111111111111112e-05,,
small,19,scheduled,0.9833333333333333,0.9803921568627452,0.9871794871794872,0.9833630421865717,0.31030988693237305,62970.0,209.89999389648438,1.5615901752157112e-05,0.19032321870326996,0.2721087634563446
small,20,baseline,1.0,1.0,1.0,1.0,0.3762202262878418,90000.0,300.0,1.1111111111111112e-05,,
small,20,scheduled,0.9666666666666667,0.9648148148148148,0.9688405797101449,0.9664021164021164,0.3482944965362549,62970.0,209.89999389648438,1.5351225451273094e-05,0.1820044368505478,0.28137126564979553
small,21,baseline,1.0,1.0,1.0,1.0,0.39411163330078125,90000.0,300.0,1.1111111111111112e-05,,
small,21,scheduled,0.95,0.9523809523809522,0.9500000000000001,0.9499358151476253,0.3042449951171875,62970.0,209.89999389648438,1.5086549150389073e-05,0.16738881170749664,0.3903544843196869
small,22,baseline,1.0,1.0,1.0,1.0,0.4114408493041992,90000.0,300.0,1.1111111111111112e-05,,
small,22,scheduled,1.0,1.0,1.0,1.0,0.3027172088623047,62970.0,209.89999389648438,1.588057805304113e-05,0.1619367003440857,0.4013667404651642
small,23,baseline,0.9833333333333333,0.9814814814814815,0.9866666666666667,0.9836734693877552,0.36670756340026855,90000.0,300.0,1.0925925925925925e-05,,
small,23,scheduled,0.9833333333333333,0.9814814814814815,0.9866666666666667,0.9836734693877552,0.3379061222076416,62970.0,209.89999389648438,1.5615901752157112e-05,0.18357877433300018,0.26939713954925537
small,24,baseline,1.0,1.0,1.0,1.0,0.37810301780700684,90000.0,300.0,1.1111111111111112e-05,,
small,24,scheduled,1.0,1.0,1.0,1.0,0.3041203022003174,62970.0,209.89999389648438,1.588057805304113e-05,0.1948961615562439,0.22026801109313965
small,25,baseline,1.0,1.0,1.0,1.0,0.42477846145629883,90000.0,300.0,1.1111111111111112e-05,,
small,25,scheduled,1.0,1.0,1.0,1.0,0.2916243076324463,62970.0,209.89999389648438,1.588057805304113e-05,0.23385702073574066,0.06846379488706589
small,26,baseline,1.0,1.0,1.0,1.0,0.38507580757141113,90000.0,300.0,1.1111111111111112e-05,,
small,26,scheduled,0.9666666666666667,0.9710144927536232,0.9666666666666667,0.967304625199362,0.30256032943725586,62970.0,209.89999389648438,1.5351225451273094e-05,0.21268336474895477,0.1712617427110672
small,27,baseline,1.0,1.0,1.0,1.0,0.41680240631103516,90000.0,300.0,1.1111111111111112e-05,,
small,27,scheduled,0.9833333333333333,0.9876543209876543,0.9814814814814815,0.9841868823000898,0.3135061264038086,62970.0,209.89999389648438,1.5615901752157112e-05,0.18796394765377045,0.26080840826034546
small,28,baseline,1.0,1.0,1.0,1.0,0.33303189277648926,73800.0,246.0,1.3550135501355014e-05,,
small,28,scheduled,1.0,1.0,1.0,1.0,0.3244471549987793,62970.0,209.89999389648438,1.588057805304113e-05,0.15602055191993713,0.479098916053772
small,29,baseline,1.0,1.0,1.0,1.0,0.387775182723999,90000.0,300.0,1.1111111111111112e-05,,
small,29,scheduled,1.0,1.0,1.0,1.0,0.2960660457611084,62970.0,209.89999389648438,1.588057805304113e-05,0.163943812251091,0.363818496465683
small,30,baseline,0.9833333333333333,0.9824561403508771,0.9861111111111112,0.9838987924094308,0.3775951862335205,90000.0,300.0,1.0925925925925925e-05,,
small,30,scheduled,0.95,0.9491228070175438,0.9583333333333334,0.951224909119646,0.31175732612609863,62970.0,209.89999389648438,1.5086549150389073e-05,0.22050164639949799,0.09993220865726471
small,31,baseline,1.0,1.0,1.0,1.0,0.37830471992492676,90000.0,300.0,1.1111111111111112e-05,,
small,31,scheduled,0.9666666666666667,0.9555555555555556,0.9761904761904763,0.9638447971781305,0.3877434730529785,62970.0,209.89999389648438,1.5351225451273094e-05,0.15124167501926422,0.43232154846191406
small,32,baseline,1.0,1.0,1.0,1.0,0.5044901371002197,90000.0,300.0,1.1111111111111112e-05,,
small,32,scheduled,0.9333333333333333,0.9377289377289376,0.925793650793651,0.9307204934118306,0.46195268630981445,62970.0,209.89999389648438,1.4821872849505055e-05,0.20738382637500763,0.2413787841796875
small,33,baseline,1.0,1.0,1.0,1.0,0.35133910179138184,79200.0,264.0,1.2626262626262626e-05,,
small,33,scheduled,0.9833333333333333,0.9824561403508771,0.9824561403508771,0.981981981981982,0.332409143447876,62970.0,209.89999389648438,1.5615901752157112e-05,0.17540431022644043,0.33079203963279724
small,34,baseline,1.0,1.0,1.0,1.0,0.40857362747192383,90000.0,300.0,1.1111111111111112e-05,,
small,34,scheduled,0.9333333333333333,0.9345117845117844,0.934126984126984,0.9331094582012575,0.29683423042297363,62970.0,209.89999389648438,1.4821872849505055e-05,0.20866155624389648,0.22467705607414246
small,35,baseline,0.9833333333333333,0.9848484848484849,0.9824561403508771,0.9832390530064948,0.4128093719482422,90000.0,300.0,1.0925925925925925e-05,,
small,35,scheduled,0.9833333333333333,0.9841269841269842,0.9824561403508771,0.9828609096901779,0.29815244674682617,62970.0,209.89999389648438,1.5615901752157112e-05,0.228130042552948,0.09776239097118378
small,36,baseline,1.0,1.0,1.0,1.0,0.3840358257293701,90000.0,300.0,1.1111111111111112e-05,,
small,36,scheduled,0.9666666666666667,0.9639376218323586,0.9733333333333333,0.9675782925782926,0.3311800956726074,62970.0,209.89999389648438,1.5351225451273094e-05,0.17251558601856232,0.31675636768341064
small,37,baseline,1.0,1.0,1.0,1.0,0.36695432662963867,89100.0,297.0,1.122334455667789e-05,,
small,37,scheduled,1.0,1.0,1.0,1.0,0.3121035099029541,62970.0,209.89999389648438,1.588057805304113e-05,0.17985950410366058,0.2812380790710449
small,38,baseline,1.0,1.0,1.0,1.0,0.41582417488098145,90000.0,300.0,1.1111111111111112e-05,,
small,38,scheduled,0.9166666666666666,0.9208754208754208,0.9259259259259259,0.9178451178451179,0.35190606117248535,62970.0,209.89999389648438,1.4557196548621035e-05,0.20718853175640106,0.16562189161777496
small,39,baseline,1.0,1.0,1.0,1.0,0.40555524826049805,90000.0,300.0,1.1111111111111112e-05,,
small,39,scheduled,0.9666666666666667,0.9685672514619883,0.9685672514619883,0.9685672514619883,0.3019683361053467,62970.0,209.89999389648438,1.5351225451273094e-05,0.17032000422477722,0.3424023687839508
small,40,baseline,1.0,1.0,1.0,1.0,0.37691330909729004,87300.0,291.0,1.145475372279496e-05,,
small,40,scheduled,0.9333333333333333,0.9305555555555555,0.9382456140350878,0.932956966570412,0.325641393661499,62970.0,209.89999389648438,1.4821872849505055e-05,0.2058609426021576,0.17580534517765045
small,41,baseline,1.0,1.0,1.0,1.0,0.3748300075531006,90000.0,300.0,1.1111111111111112e-05,,
small,41,scheduled,0.9833333333333333,0.9824561403508771,0.9866666666666667,0.9841882699025556,0.3034031391143799,62970.0,209.89999389648438,1.5615901752157112e-05,0.18653099238872528,0.28714805841445923
small,42,baseline,1.0,1.0,1.0,1.0,0.38918352127075195,90000.0,300.0,1.1111111111111112e-05,,
small,42,scheduled,0.9833333333333333,0.9814814814814815,0.9871794871794872,0.9839402427637722,0.30590033531188965,62970.0,209.89999389648438,1.5615901752157112e-05,0.19405138492584229,0.2379527986049652
small,43,baseline,0.9833333333333333,0.9841269841269842,0.9848484848484849,0.9841179807146908,0.3939487934112549,87300.0,291.0,1.1263841160748377e-05,,
small,43,scheduled,0.9666666666666667,0.9696969696969697,0.9696969696969697,0.9682539682539683,0.35262513160705566,62970.0,209.89999389648438,1.5351225451273094e-05,0.16620022058486938,0.3820266127586365
small,44,baseline,0.9833333333333333,0.9861111111111112,0.9814814814814815,0.9833839918946302,0.2951226234436035,74700.0,249.0,1.3163766175814368e-05,,
small,44,scheduled,0.8333333333333334,0.8355555555555555,0.8248156623442665,0.8250000000000001,0.3523848056793213,62970.0,209.89999389648438,1.3233815044200944e-05,0.2206149846315384,0.14317548274993896
small,45,baseline,0.9833333333333333,0.9861111111111112,0.9855072463768115,0.9855003940110323,0.3644893169403076,90000.0,300.0,1.0925925925925925e-05,,
small,45,scheduled,0.9833333333333333,0.9861111111111112,0.9855072463768115,0.9855003940110323,0.39295291900634766,62970.0,209.89999389648438,1.5615901752157112e-05,0.21456395089626312,0.19306571781635284
small,46,baseline,1.0,1.0,1.0,1.0,0.5149743556976318,90000.0,300.0,1.1111111111111112e-05,,
small,46,scheduled,0.9833333333333333,0.9833333333333334,0.9861111111111112,0.9843607928714312,0.46947789192199707,62970.0,209.89999389648438,1.5615901752157112e-05,0.21880987286567688,0.1395081728696823
small,47,baseline,1.0,1.0,1.0,1.0,0.40609145164489746,90000.0,300.0,1.1111111111111112e-05,,
small,47,scheduled,0.9,0.8988897364183406,0.9036377708978328,0.9008798592225244,0.3350811004638672,62970.0,209.89999389648438,1.4292520247737017e-05,0.20855753123760223,0.18180795013904572
small,48,baseline,0.9833333333333333,0.9861111111111112,0.9833333333333334,0.9843607928714312,0.3571281433105469,83700.0,279.0,1.1748307447232178e-05,,
small,48,scheduled,0.95,0.9531024531024531,0.9543478260869565,0.9533875338753388,0.29718542098999023,62970.0,209.89999389648438,1.5086549150389073e-05,0.2177826166152954,0.15344080328941345
small,49,baseline,1.0,1.0,1.0,1.0,0.38919973373413086,90000.0,300.0,1.1111111111111112e-05,,
small,49,scheduled,0.9833333333333333,0.9861111111111112,0.9814814814814815,0.9833839918946302,0.32043004035949707,62970.0,209.89999389648438,1.5615901752157112e-05,0.25256308913230896,-0.04237810894846916
medium,0,baseline,0.97,0.9696545284780579,0.9707950578571093,0.9697666621993931,0.9232885837554932,225000.0,150.0,4.311111111111111e-06,,
medium,0,scheduled,0.8133333333333334,0.814169496620495,0.8143051451620469,0.8120049541102173,0.50014328956604,152450.0,101.63333129882812,5.335082540723734e-06,0.5311415791511536,-1.5479925870895386
medium,1,baseline,0.9666666666666667,0.9684042332238209,0.9663982550225766,0.967092891638142,0.8468406200408936,225000.0,150.0,4.296296296296296e-06,,
medium,1,scheduled,0.74,0.7413352970054001,0.7416690470347319,0.7398525721913117,0.5307025909423828,152450.0,101.63333129882812,4.854050508363398e-06,0.5652726292610168,-1.87570059299469
medium,2,baseline,0.9666666666666667,0.9666120294317929,0.9661162710698314,0.9662525887185115,0.8346149921417236,225000.0,150.0,4.296296296296296e-06,,
medium,2,scheduled,0.7566666666666667,0.7577718262585318,0.7590185725116142,0.756791457493828,0.4695169925689697,152450.0,101.63333129882812,4.963375970263474e-06,0.5553098320960999,-1.661025881767273
medium,3,baseline,1.0,1.0,1.0,1.0,0.7908422946929932,225000.0,150.0,4.444444444444444e-06,,
medium,3,scheduled,0.8633333333333333,0.86304012345679,0.8635855490678633,0.8628972163472065,0.462475061416626,152450.0,101.63333129882812,5.663058926423964e-06,0.5340900421142578,-1.5870692729949951
medium,4,baseline,0.9566666666666667,0.9641873278236915,0.9546244029526704,0.9575363287107955,1.8562994003295898,225000.0,150.0,4.2518518518518515e-06,,
medium,4,scheduled,0.7966666666666666,0.797929967889441,0.8001090901293536,0.7970393823362918,0.943267822265625,152450.0,101.63333129882812,5.225757078823658e-06,0.5485524535179138,-1.74301278591156
medium,5,baseline,0.9566666666666667,0.9575445871957501,0.9553957149250768,0.9562607697695418,1.1313529014587402,225000.0,150.0,4.2518518518518515e-06,,
medium,5,scheduled,0.72,0.7187218496646982,0.7187326488789282,0.7181182816612854,0.49888038635253906,152450.0,101.63333129882812,4.722859954083306e-06,0.5500073432922363,-1.7246344089508057
medium,6,baseline,0.9833333333333333,0.9859457671957671,0.9810298102981029,0.9832280255402063,0.8888442516326904,225000.0,150.0,4.37037037037037e-06,,
medium,6,scheduled,0.7966666666666666,0.7927484814277267,0.7996719440878618,0.7935982508936137,0.5430295467376709,152450.0,101.63333129882812,5.225757078823658e-06,0.5364981293678284,-1.6195017099380493
medium,7,baseline,0.9866666666666667,0.985270379338176,0.9876016260162602,0.9863656305895853,0.848980188369751,225000.0,150.0,4.385185185185185e-06,,
medium,7,scheduled,0.8166666666666667,0.813707031291818,0.816648691997124,0.8124721810002754,0.5292434692382812,152450.0,101.63333129882812,5.3569476331037495e-06,0.5357686877250671,-1.54127836227417
medium,8,baseline,0.9866666666666667,0.9866666666666667,0.9863945578231292,0.9862528344671202,0.8929433822631836,225000.0,150.0,4.385185185185185e-06,,
medium,8,scheduled,0.8466666666666667,0.8446348663433643,0.8443596778333976,0.8444536731156186,0.505892276763916,152450.0,101.63333129882812,5.5537334645238875e-06,0.5249068140983582,-1.3889076709747314
medium,9,baseline,0.9933333333333333,0.9933166248955723,0.9931908980371721,0.9932379569457339,1.1082496643066406,225000.0,150.0,4.414814814814815e-06,,
medium,9,scheduled,0.84,0.8438286156338896,0.8407373632100051,0.8390828341251808,0.7417440414428711,152450.0,101.63333129882812,5.510003279763857e-06,0.528156578540802,-1.4818931818008423
medium,10,baseline,0.9866666666666667,0.9859870179457809,0.9862412441359809,0.9860622648958984,0.9652872085571289,225000.0,150.0,4.385185185185185e-06,,
medium,10,scheduled,0.86,0.8600264911860442,0.8609986504723347,0.8589058723868547,0.48695874214172363,152450.0,101.63333129882812,5.641193834043949e-06,0.5177267789840698,-1.405693531036377
medium,11,baseline,0.9933333333333333,0.9928787878787878,0.9941520467836257,0.9934703437118166,0.8642103672027588,225000.0,150.0,4.414814814814815e-06,,
medium,11,scheduled,0.7933333333333333,0.8009861916911792,0.8025506119879986,0.7931665624348551,0.5026633739471436,152450.0,101.63333129882812,5.203891986443643e-06,0.5308110117912292,-1.5671932697296143
medium,12,baseline,0.99,0.9897451214655515,0.989957058507783,0.9898331329654613,0.8744988441467285,225000.0,150.0,4.4e-06,,
medium,12,scheduled,0.8866666666666667,0.887376905706765,0.8895759527643586,0.8865295984393401,0.49013471603393555,152450.0,101.63333129882812,5.816114573084072e-06,0.537244975566864,-1.655348300933838
medium,13,baseline,0.97,0.9702533056703729,0.9698554129899484,0.9699051226591843,0.8607738018035889,225000.0,150.0,4.311111111111111e-06,,
medium,13,scheduled,0.8133333333333334,0.8141672797143366,0.8124882001442334,0.8127482845792705,0.4829893112182617,152450.0,101.63333129882812,5.335082540723734e-06,0.5453978776931763,-1.6361210346221924
medium,14,baseline,0.9466666666666667,0.9481921998874533,0.9466230936819171,0.9461877249542328,0.9020810127258301,225000.0,150.0,4.207407407407408e-06,,
medium,14,scheduled,0.7233333333333334,0.7237626900570658,0.7230144583085759,0.7228106812732503,0.5082440376281738,152450.0,101.63333129882812,4.744725046463322e-06,0.5427312254905701,-1.6337493658065796
medium,15,baseline,0.9766666666666667,0.9756205673758865,0.9778874269005847,0.9762773870159269,1.012721300125122,225000.0,150.0,4.340740740740741e-06,,
medium,15,scheduled,0.77,0.7715716816321544,0.7683114035087719,0.7667278015019322,0.6383888721466064,152450.0,101.63333129882812,5.050836339783536e-06,0.5411001443862915,-1.5966094732284546
medium,16,baseline,0.9566666666666667,0.9576385529215719,0.9563755919064407,0.9568545010736557,0.8337223529815674,225000.0,150.0,4.2518518518518515e-06,,
medium,16,scheduled,0.72,0.7200000000000001,0.7200413029570562,0.7195689901235939,0.5295097827911377,152450.0,101.63333129882812,4.722859954083306e-06,0.546807050704956,-1.6144037246704102
medium,17,baseline,0.9733333333333334,0.9743798097926538,0.9725,0.9730308888386766,0.7895374298095703,225000.0,150.0,4.325925925925926e-06,,
medium,17,scheduled,0.8,0.8004775243430705,0.800181623931624,0.7999603881956824,0.48610830307006836,152450.0,101.63333129882812,5.247622171203674e-06,0.5403820276260376,-1.6154990196228027
medium,18,baseline,0.9633333333333334,0.9649052065647991,0.9628876027411025,0.9637196432409199,0.851496696472168,225000.0,150.0,4.281481481481482e-06,,
medium,18,scheduled,0.7933333333333333,0.7954269564887523,0.7935330881614115,0.7937839937839938,0.5090756416320801,152450.0,101.63333129882812,5.203891986443643e-06,0.5422924757003784,-1.6485880613327026
medium,19,baseline,0.9766666666666667,0.978236663629922,0.9761575970588611,0.9769137960461652,0.9169375896453857,225000.0,150.0,4.340740740740741e-06,,
medium,19,scheduled,0.7566666666666667,0.7567522058328281,0.7600400454403018,0.7578722310180112,0.49979233741760254,152450.0,101.63333129882812,4.963375970263474e-06,0.528394877910614,-1.5128971338272095
medium,20,baseline,0.97,0.9689331382530965,0.9712426998602574,0.9694816053511706,0.8844406604766846,225000.0,150.0,4.311111111111111e-06,,
medium,20,scheduled,0.8,0.8019788560585525,0.801926913787672,0.7992033113483189,0.5246443748474121,152450.0,101.63333129882812,5.247622171203674e-06,0.5342993140220642,-1.544532060623169
medium,21,baseline,0.9533333333333334,0.955986270946901,0.9516311439756416,0.9514318692667517,1.027404546737671,225000.0,150.0,4.237037037037037e-06,,
medium,21,scheduled,0.7566666666666667,0.752688016787471,0.7533537701001816,0.7529761904761904,0.6672837734222412,152450.0,101.63333129882812,4.963375970263474e-06,0.5476418137550354,-1.5721596479415894
medium,22,baseline,0.99,0.9899953901340863,0.9900970873786408,0.9900292267077649,0.8995234966278076,225000.0,150.0,4.4e-06,,
medium,22,scheduled,0.78,0.7808304069407147,0.7802622360124113,0.7804234705413812,0.4951133728027344,152450.0,101.63333129882812,5.116431616923582e-06,0.5275168418884277,-1.4917354583740234
medium,23,baseline,0.9966666666666667,0.9969418960244649,0.9958847736625515,0.996393508314967,0.86826491355896,225000.0,150.0,4.42962962962963e-06,,
medium,23,scheduled,0.85,0.8502812783546728,0.8592759426092759,0.8495586925082469,0.5072858333587646,152450.0,101.63333129882812,5.575598556903903e-06,0.5255094170570374,-1.4992905855178833
medium,24,baseline,0.98,0.9800969892907658,0.9804454804454804,0.9801605169897852,0.7756032943725586,225000.0,150.0,4.3555555555555555e-06,,
medium,24,scheduled,0.83,0.8319396388938046,0.8311037950213208,0.8288647342995169,0.4880058765411377,152450.0,101.63333129882812,5.444408002623811e-06,0.518829345703125,-1.4093071222305298
medium,25,baseline,0.98,0.9799319931993199,0.9801215376804836,0.9799786897728082,0.8514220714569092,225000.0,150.0,4.3555555555555555e-06,,
medium,25,scheduled,0.79,0.7907021663257113,0.7913548669443261,0.7894427001569859,0.5137920379638672,152450.0,101.63333129882812,5.1820268940636275e-06,0.523120641708374,-1.4665883779525757
medium,26,baseline,0.96,0.9578947368421051,0.9591269841269842,0.958178904292894,0.836477518081665,225000.0,150.0,4.266666666666667e-06,,
medium,26,scheduled,0.7666666666666667,0.7607532509331613,0.7558767951625095,0.7555722729993034,0.485548734664917,152450.0,101.63333129882812,5.028971247403521e-06,0.5520779490470886,-1.7965147495269775
medium,27,baseline,0.9666666666666667,0.9670004794655772,0.9660576675333193,0.9660463683071749,0.8553497791290283,225000.0,150.0,4.296296296296296e-06,,
medium,27,scheduled,0.79,0.7901990903888437,0.7896814800686629,0.7894115576380069,0.6819822788238525,152450.0,101.63333129882812,5.1820268940636275e-06,0.5395444631576538,-1.525179147720337
medium,28,baseline,0.98,0.9804556126657783,0.9802457264957266,0.9803022794122495,0.9071865081787109,225000.0,150.0,4.3555555555555555e-06,,
medium,28,scheduled,0.7933333333333333,0.7932132252360459,0.7948611111111111,0.7935342083163902,0.4832735061645508,152450.0,101.63333129882812,5.203891986443643e-06,0.5347358584403992,-1.5262565612792969
medium,29,baseline,0.99,0.9903193981995314,0.9897631473303893,0.9899707864882653,0.8581695556640625,225000.0,150.0,4.4e-06,,
medium,29,scheduled,0.8633333333333333,0.8633494634967388,0.8635621570988894,0.8627647117247274,0.5142083168029785,152450.0,101.63333129882812,5.663058926423964e-06,0.5228718519210815,-1.4345715045928955
medium,30,baseline,0.9933333333333333,0.9933650227767875,0.9932996632996632,0.9933159186321551,0.9819576740264893,225000.0,150.0,4.414814814814815e-06,,
medium,30,scheduled,0.8466666666666667,0.8503905446724448,0.8467246724672467,0.8468276234473907,0.5214231014251709,152450.0,101.63333129882812,5.5537334645238875e-06,0.5279126763343811,-1.4476635456085205
medium,31,baseline,0.9633333333333334,0.9654088050314465,0.9631853122419161,0.962447601995401,0.8615388870239258,225000.0,150.0,4.281481481481482e-06,,
medium,31,scheduled,0.8233333333333334,0.821772474266929,0.8218681351749871,0.8206295740596795,0.5018656253814697,152450.0,101.63333129882812,5.400677817863781e-06,0.5402745604515076,-1.6765865087509155
medium,32,baseline,0.9166666666666666,0.9211347298110368,0.923647691871991,0.9190959719798438,0.7677345275878906,225000.0,150.0,4.074074074074074e-06,,
medium,32,scheduled,0.6833333333333333,0.6854690218118561,0.6873758415138891,0.6830065359477123,0.4883582592010498,152450.0,101.63333129882812,4.482343937903138e-06,0.5626630187034607,-1.703613519668579
medium,33,baseline,0.99,0.9901637222545784,0.9899999999999999,0.9899651530423138,0.9942843914031982,225000.0,150.0,4.4e-06,,
medium,33,scheduled,0.8,0.8009582744159501,0.7999999999999999,0.7959141047872377,0.6511216163635254,152450.0,101.63333129882812,5.247622171203674e-06,0.5448300242424011,-1.6371431350708008
medium,34,baseline,0.9766666666666667,0.9765151515151516,0.9747308283893649,0.9755045479270653,0.7735595703125,225000.0,150.0,4.340740740740741e-06,,
medium,34,scheduled,0.8233333333333334,0.8186411563693511,0.821439059300924,0.8192306035696655,0.48923659324645996,152450.0,101.63333129882812,5.400677817863781e-06,0.5453217029571533,-1.6331794261932373
medium,35,baseline,0.9633333333333334,0.963934321599769,0.9646464646464646,0.9642184937215994,0.8120758533477783,225000.0,150.0,4.281481481481482e-06,,
medium,35,scheduled,0.8,0.7996620031660463,0.8068968068968069,0.8003548371199054,0.5306799411773682,152450.0,101.63333129882812,5.247622171203674e-06,0.5442848801612854,-1.7900046110153198
medium,36,baseline,0.9833333333333333,0.9844236760124611,0.9833281982814693,0.983582478144713,0.8655133247375488,225000.0,150.0,4.37037037037037e-06,,
medium,36,scheduled,0.88,0.8798308477629867,0.882273398216224,0.8806106446510912,0.4684443473815918,152450.0,101.63333129882812,5.772384388324041e-06,0.5192608833312988,-1.4481076002120972
medium,37,baseline,0.9766666666666667,0.975762092338266,0.9776589776589777,0.9764248176030087,0.8163011074066162,225000.0,150.0,4.340740740740741e-06,,
medium,37,scheduled,0.83,0.8277308351084057,0.8294016151159008,0.8280393853252584,0.507725715637207,152450.0,101.63333129882812,5.444408002623811e-06,0.5256406664848328,-1.4895774126052856
medium,38,baseline,0.9466666666666667,0.9492688481361621,0.946161014911015,0.9470706796602767,0.7805941104888916,225000.0,150.0,4.207407407407408e-06,,
medium,38,scheduled,0.7166666666666667,0.7169759689703846,0.7186447811447811,0.7162736000627637,0.4747753143310547,152450.0,101.63333129882812,4.700994861703291e-06,0.5608536005020142,-1.752542495727539
medium,39,baseline,0.9333333333333333,0.9358913237930864,0.9347222222222222,0.9335868485062923,0.7874953746795654,225000.0,150.0,4.1481481481481485e-06,,
medium,39,scheduled,0.7266666666666667,0.7269093204292026,0.7266346153846154,0.7267346678309318,0.5870635509490967,152450.0,101.63333129882812,4.766590138843336e-06,0.5670053362846375,-1.785035252571106
medium,40,baseline,0.9933333333333333,0.9930824372759858,0.9938837920489297,0.993436736569065,0.8897395133972168,225000.0,150.0,4.414814814814815e-06,,
medium,40,scheduled,0.8133333333333334,0.8137246651237815,0.8163522608077853,0.8147400143225373,0.48363614082336426,152450.0,101.63333129882812,5.335082540723734e-06,0.5321763157844543,-1.5223186016082764
medium,41,baseline,0.98,0.9797338173018755,0.979747696934748,0.9796906113926308,0.8550965785980225,225000.0,150.0,4.3555555555555555e-06,,
medium,41,scheduled,0.8166666666666667,0.8150533863690255,0.8196606345137498,0.8161382381392542,0.5169863700866699,152450.0,101.63333129882812,5.3569476331037495e-06,0.5357654094696045,-1.5698626041412354
medium,42,baseline,0.9366666666666666,0.9377214847487267,0.9411470143613,0.9375127948683155,0.8500640392303467,225000.0,150.0,4.162962962962963e-06,,
medium,42,scheduled,0.7866666666666666,0.7906717811241567,0.7888888888888889,0.7862122328305997,0.4992673397064209,152450.0,101.63333129882812,5.1601618016836115e-06,0.534277081489563,-1.5073102712631226
medium,43,baseline,0.9633333333333334,0.9636183145300582,0.9636125846595269,0.96355360217647,0.8412697315216064,225000.0,150.0,4.281481481481482e-06,,
medium,43,scheduled,0.7533333333333333,0.7565290238856827,0.7538868314816668,0.7537837386981616,0.4749438762664795,152450.0,101.63333129882812,4.941510877883459e-06,0.5550381541252136,-1.7453044652938843
medium,44,baseline,0.9666666666666667,0.9677174200370077,0.9672733960289234,0.9666666666666667,0.9222981929779053,225000.0,150.0,4.296296296296296e-06,,
medium,44,scheduled,0.8066666666666666,0.8113153929879307,0.8064887799459557,0.8076471895894253,0.4997079372406006,152450.0,101.63333129882812,5.291352355963704e-06,0.5396023988723755,-1.6796938180923462
medium,45,baseline,0.98,0.9827586206896551,0.975899950583495,0.9787489006645695,0.7948074340820312,225000.0,150.0,4.3555555555555555e-06,,
medium,45,scheduled,0.8166666666666667,0.8135223988218544,0.8206353649391623,0.8156831899634689,0.6259152889251709,152450.0,101.63333129882812,5.3569476331037495e-06,0.5365973114967346,-1.6178861856460571
medium,46,baseline,0.9833333333333333,0.9832474503488996,0.9832474503488996,0.9832474503488996,0.9328742027282715,225000.0,150.0,4.37037037037037e-06,,
medium,46,scheduled,0.81,0.8087172071885974,0.8093880837359099,0.8088081016822272,0.48772406578063965,152450.0,101.63333129882812,5.313217448343719e-06,0.5330950021743774,-1.5572010278701782
medium,47,baseline,0.9866666666666667,0.9863594922505085,0.9868608220659237,0.9865460675614343,0.9175660610198975,225000.0,150.0,4.385185185185185e-06,,
medium,47,scheduled,0.8066666666666666,0.8065795839380745,0.8059302437614414,0.8053995148449755,0.5496230125427246,152450.0,101.63333129882812,5.291352355963704e-06,0.5509750843048096,-1.753791093826294
medium,48,baseline,0.9766666666666667,0.9775641025641026,0.9762915067016906,0.9764655541292254,0.9373908042907715,225000.0,150.0,4.340740740740741e-06,,
medium,48,scheduled,0.77,0.7731333163827442,0.7692463123863407,0.7694164348166375,0.5143899917602539,152450.0,101.63333129882812,5.050836339783536e-06,0.5448504686355591,-1.6230242252349854
medium,49,baseline,0.9766666666666667,0.9776863820342081,0.9715971245507111,0.9742151286534,0.9192121028900146,225000.0,150.0,4.340740740740741e-06,,
medium,49,scheduled,0.85,0.8482197945168733,0.8532358485216854,0.8473371952073778,0.5437533855438232,152450.0,101.63333129882812,5.575598556903903e-06,0.5343196392059326,-1.507673740386963
large,0,baseline,0.74625,0.7491656955681053,0.7482816667599277,0.7460067939743161,2.0495495796203613,720000.0,180.0,1.0364583333333332e-06,,
large,0,scheduled,0.5975,0.6005108556832695,0.5990298598994251,0.5972320769048349,1.2108585834503174,481770.0,120.44249725341797,1.2402183614587874e-06,0.5763142108917236,-1.7897464036941528
large,1,baseline,0.645,0.6457163011166104,0.6440943663497395,0.6404336454694942,2.104579210281372,720000.0,180.0,8.958333333333334e-07,,
large,1,scheduled,0.555,0.5547580143168379,0.5550725922049715,0.5532877354138509,0.845954179763794,481770.0,120.44249725341797,1.1520019926520955e-06,0.5874922871589661,-1.9387767314910889
large,2,baseline,0.73875,0.7444667869981498,0.7439495033431783,0.7380981103438969,2.090017557144165,720000.0,180.0,1.0260416666666668e-06,,
large,2,scheduled,0.625,0.6268546251068545,0.6285228249176366,0.6250127692329448,0.8627316951751709,481770.0,120.44249725341797,1.2972995412748823e-06,0.5744670629501343,-1.913109540939331
large,3,baseline,0.66875,0.675056317938124,0.670444249312459,0.6679491272347482,2.2467145919799805,720000.0,180.0,9.288194444444444e-07,,
large,3,scheduled,0.53125,0.5310942460085091,0.5312384822817339,0.5310552742319189,0.9909534454345703,481770.0,120.44249725341797,1.1027046100836498e-06,0.5944869518280029,-2.0991196632385254
large,4,baseline,0.73875,0.7456875671608838,0.7383365821962314,0.7388394421761979,1.8725829124450684,720000.0,180.0,1.0260416666666668e-06,,
large,4,scheduled,0.575,0.5756178005455242,0.5750251048496663,0.5752243619428948,0.8727254867553711,481770.0,120.44249725341797,1.1935155779728916e-06,0.565870463848114,-1.723429560661316
large,5,baseline,0.7425,0.7416126287436575,0.7410862393640323,0.7409908670545291,1.976973533630371,720000.0,180.0,1.03125e-06,,
large,5,scheduled,0.6075,0.6067553314477023,0.6067337469882763,0.6067430915029104,0.8851604461669922,481770.0,120.44249725341797,1.2609751541191855e-06,0.5774370431900024,-1.883143424987793
large,6,baseline,0.72875,0.7305804874333673,0.7294037023801421,0.7299078770953221,2.3404972553253174,720000.0,180.0,1.0121527777777778e-06,,
large,6,scheduled,0.595,0.5990306011199735,0.5993694055884555,0.5945370805424129,0.8988468647003174,481770.0,120.44249725341797,1.2350291632936878e-06,0.5829340815544128,-1.9823533296585083
large,7,baseline,0.7225,0.7226367605640233,0.7220434125415885,0.7206188775725714,1.9957447052001953,720000.0,180.0,1.0034722222222223e-06,,
large,7,scheduled,0.5825,0.5860805424266976,0.5825693283342622,0.582533431239531,0.9061040878295898,481770.0,120.44249725341797,1.2090831724681902e-06,0.5758076310157776,-1.8337602615356445
large,8,baseline,0.695,0.6967218850592262,0.6967312880124269,0.6951853382977681,1.923452615737915,720000.0,180.0,9.652777777777777e-07,,
large,8,scheduled,0.55375,0.5533507684164055,0.5547769661648664,0.5530012232571616,0.8497121334075928,481770.0,120.44249725341797,1.1494073935695456e-06,0.584325909614563,-2.068424701690674
large,9,baseline,0.70625,0.7049736290281721,0.7030813633463912,0.7019554040308579,2.389014482498169,720000.0,180.0,9.809027777777779e-07,,
large,9,scheduled,0.59,0.5891402867965367,0.5890900502961189,0.5890065439148503,0.8512277603149414,481770.0,120.44249725341797,1.2246507669634888e-06,0.585034966468811,-1.8048282861709595
large,10,baseline,0.675,0.6733253301492631,0.6716698122873107,0.6716582775137764,1.9635746479034424,720000.0,180.0,9.375e-07,,
large,10,scheduled,0.52875,0.5256766567344994,0.5272128467485798,0.5257330968739483,0.8510410785675049,481770.0,120.44249725341797,1.0975154119185505e-06,0.6009194254875183,-2.050431251525879
large,11,baseline,0.67625,0.6772175217167605,0.676352873538216,0.6747513353507034,1.8665852546691895,720000.0,180.0,9.392361111111111e-07,,
large,11,scheduled,0.5475,0.5458861965262781,0.5450945407928945,0.5449292627497604,0.8626437187194824,481770.0,120.44249725341797,1.1364343981567967e-06,0.5928477644920349,-2.0329692363739014
large,12,baseline,0.74875,0.7516980730676006,0.7496190438205649,0.7471420247020376,2.1693499088287354,720000.0,180.0,1.0399305555555555e-06,,
large,12,scheduled,0.59125,0.5942589141448976,0.5922973308904869,0.5898622084812398,0.8252780437469482,481770.0,120.44249725341797,1.2272453660460387e-06,0.5727013349533081,-1.7374043464660645
large,13,baseline,0.63,0.6242099101036743,0.632362024153069,0.6254604211440126,1.921757459640503,720000.0,180.0,8.75e-07,,
large,13,scheduled,0.54,0.5393890571631115,0.5412994181650898,0.5389613170181318,0.8580160140991211,481770.0,120.44249725341797,1.1208668036614983e-06,0.5913125276565552,-2.116223096847534
large,14,baseline,0.7125,0.7137675827190636,0.7113972875451039,0.7117798212286401,1.9223244190216064,720000.0,180.0,9.895833333333333e-07,,
large,14,scheduled,0.56,0.5611761574293331,0.5610480100961623,0.5601473792006365,0.8339138031005859,481770.0,120.44249725341797,1.1623803889822945e-06,0.5766915082931519,-1.7762365341186523
large,15,baseline,0.7225,0.7247116403300655,0.7225940102344598,0.7230007375148827,2.1809582710266113,720000.0,180.0,1.0034722222222223e-06,,
large,15,scheduled,0.6025,0.6022871234138839,0.602414564212317,0.6018163246142908,0.8525969982147217,481770.0,120.44249725341797,1.2505967577889866e-06,0.57902592420578,-1.9469186067581177
large,16,baseline,0.725,0.7293036354326677,0.7254677620641452,0.7257128850630591,1.8956856727600098,720000.0,180.0,1.0069444444444445e-06,,
large,16,scheduled,0.595,0.5967735418361652,0.5948867692389105,0.5949852705553077,0.86226487159729,481770.0,120.44249725341797,1.2350291632936878e-06,0.5761063694953918,-1.819536566734314
large,17,baseline,0.655,0.6605516107549058,0.6542448203608404,0.6500833144554355,1.958000898361206,720000.0,180.0,9.097222222222223e-07,,
large,17,scheduled,0.54375,0.5409441166581458,0.5423111400061074,0.541270331982366,0.8648931980133057,481770.0,120.44249725341797,1.1286506009091474e-06,0.5935055613517761,-1.999004602432251
large,18,baseline,0.70375,0.7088298909374742,0.702522094475142,0.7028346092753353,2.043581247329712,720000.0,180.0,9.774305555555555e-07,,
large,18,scheduled,0.59875,0.5980728061942172,0.5977325971560489,0.5976296295121352,0.84342360496521,481770.0,120.44249725341797,1.2428129605413373e-06,0.5834469795227051,-1.7917464971542358
large,19,baseline,0.69,0.6944278134900671,0.6915009609198345,0.6899958549419534,1.8591675758361816,720000.0,180.0,9.583333333333332e-07,,
large,19,scheduled,0.5525,0.5528892102814682,0.5531856474199374,0.5522563609991789,0.8467133045196533,481770.0,120.44249725341797,1.1468127944869959e-06,0.5793066620826721,-1.9612475633621216
large,20,baseline,0.67,0.6672893861214254,0.6715419628891777,0.6671294874978217,1.9135701656341553,720000.0,180.0,9.305555555555556e-07,,
large,20,scheduled,0.5325,0.5311347069990687,0.5342564615387104,0.5268172982684761,0.9749937057495117,481770.0,120.44249725341797,1.1052992091661995e-06,0.5926282405853271,-2.2565767765045166
large,21,baseline,0.6825,0.6848378569409105,0.6856595237830431,0.6835143012487598,1.8476693630218506,720000.0,180.0,9.479166666666667e-07,,
large,21,scheduled,0.56875,0.5734587251828631,0.5723170493381697,0.568195877153323,0.8578615188598633,481770.0,120.44249725341797,1.1805425825601427e-06,0.5934809446334839,-2.056811571121216
large,22,baseline,0.67375,0.6726299154875028,0.6745326238471202,0.6717159058134028,1.8573434352874756,720000.0,180.0,9.357638888888888e-07,,
large,22,scheduled,0.58,0.5799626299626299,0.5803618323423876,0.5788089271643962,0.8403034210205078,481770.0,120.44249725341797,1.2038939743030906e-06,0.5899099707603455,-2.0639243125915527
large,23,baseline,0.715,0.7163527639379496,0.7165287990196078,0.7146161505210699,1.8609411716461182,720000.0,180.0,9.930555555555555e-07,,
large,23,scheduled,0.57125,0.5716164590347687,0.5717677696078431,0.5715477883898937,0.9677779674530029,481770.0,120.44249725341797,1.1857317807252423e-06,0.580710232257843,-1.9253185987472534
large,24,baseline,0.705,0.706114679380284,0.7036582986825938,0.7026799709608967,1.920867919921875,720000.0,180.0,9.791666666666667e-07,,
large,24,scheduled,0.55375,0.5497195254002634,0.5497620774926552,0.5494718354400404,0.8679158687591553,481770.0,120.44249725341797,1.1494073935695456e-06,0.5762563943862915,-1.8319395780563354
large,25,baseline,0.74,0.7416528646734727,0.7396741222154736,0.7398337609986129,1.8294320106506348,720000.0,180.0,1.0277777777777777e-06,,
large,25,scheduled,0.5775,0.5782358885336835,0.5773861550095086,0.5774534743630481,0.818077564239502,481770.0,120.44249725341797,1.1987047761379912e-06,0.5811843872070312,-1.9218688011169434
large,26,baseline,0.7425,0.7444257864589123,0.7428397754950757,0.743512237832849,1.896158218383789,720000.0,180.0,1.03125e-06,,
large,26,scheduled,0.585,0.5850996173637683,0.5858724981467754,0.5847713238924359,1.0067088603973389,481770.0,120.44249725341797,1.2142723706332896e-06,0.569687008857727,-1.7746500968933105
large,27,baseline,0.73,0.7320531598995195,0.7279087964479384,0.7280861446763142,2.0453896522521973,720000.0,180.0,1.013888888888889e-06,,
large,27,scheduled,0.57,0.5707215874448693,0.5704589292863123,0.5698957121439346,0.8058197498321533,481770.0,120.44249725341797,1.1831371816426924e-06,0.5760481953620911,-1.839691162109375
large,28,baseline,0.685,0.6879350941796055,0.6843160300255559,0.6853665754896023,1.8571746349334717,720000.0,180.0,9.51388888888889e-07,,
large,28,scheduled,0.56125,0.5612604337367365,0.5622046891623942,0.5612816764968027,0.8372187614440918,481770.0,120.44249725341797,1.1649749880648444e-06,0.5879064798355103,-1.8996821641921997
large,29,baseline,0.6725,0.6696146335295522,0.6781125367693502,0.6677822875236826,2.0179061889648438,720000.0,180.0,9.340277777777778e-07,,
large,29,scheduled,0.54375,0.5443625723535065,0.5475595612717232,0.5412908469870495,1.1727330684661865,481770.0,120.44249725341797,1.1286506009091474e-06,0.5893571972846985,-2.2269299030303955
large,30,baseline,0.7175,0.7177485950677421,0.7180268446741316,0.7178754783247426,1.9344213008880615,720000.0,180.0,9.965277777777778e-07,,
large,30,scheduled,0.58625,0.5861300928567489,0.5864995524480249,0.5862257518515642,0.8515124320983887,481770.0,120.44249725341797,1.2168669697158397e-06,0.5806941986083984,-1.8989760875701904
large,31,baseline,0.70625,0.7067983225877962,0.708289127062219,0.7073831116846495,1.9227125644683838,720000.0,180.0,9.809027777777779e-07,,
large,31,scheduled,0.5525,0.5521677383877815,0.555004921913535,0.5525570138779449,0.8316187858581543,481770.0,120.44249725341797,1.1468127944869959e-06,0.5789295434951782,-1.9049876928329468
large,32,baseline,0.6525,0.6519908938185148,0.6496652186887492,0.6498291634739934,2.0532326698303223,720000.0,180.0,9.0625e-07,,
large,32,scheduled,0.5525,0.5533433886375062,0.5536673770914294,0.552456754197351,0.999030590057373,481770.0,120.44249725341797,1.1468127944869959e-06,0.5929388999938965,-1.7970629930496216
large,33,baseline,0.76875,0.7696448111673025,0.7684612087205963,0.767966406340093,1.8738110065460205,720000.0,180.0,1.0677083333333333e-06,,
large,33,scheduled,0.57625,0.5762501357954767,0.576281011105162,0.576248048880765,0.8401918411254883,481770.0,120.44249725341797,1.1961101770554415e-06,0.5670070648193359,-1.7037590742111206
large,34,baseline,0.65,0.648768574012748,0.6501942041052574,0.6428069941265656,1.8822076320648193,720000.0,180.0,9.027777777777778e-07,,
large,34,scheduled,0.555,0.5542993581704948,0.5550632630505964,0.5542105878947984,0.8644020557403564,481770.0,120.44249725341797,1.1520019926520955e-06,0.5823219418525696,-1.9853010177612305
large,35,baseline,0.68125,0.6821001281767706,0.6815404881163872,0.6806958141610573,2.142240047454834,720000.0,180.0,9.461805555555556e-07,,
large,35,scheduled,0.55,0.5508830300200561,0.550199455085331,0.5499975163848578,0.9721031188964844,481770.0,120.44249725341797,1.1416235963218965e-06,0.5780411958694458,-1.846006989479065
large,36,baseline,0.69875,0.6989727165873175,0.6988022490683639,0.6982686739716052,1.8507328033447266,720000.0,180.0,9.70486111111111e-07,,
large,36,scheduled,0.56,0.5608853057090396,0.5599579473027138,0.5599037634125353,0.8241934776306152,481770.0,120.44249725341797,1.1623803889822945e-06,0.5862294435501099,-1.8244171142578125
large,37,baseline,0.7575,0.7589722375436662,0.7589608263075887,0.7569135312817622,1.9883124828338623,720000.0,180.0,1.0520833333333334e-06,,
large,37,scheduled,0.61125,0.6136161780473265,0.6123447266353811,0.6110602785466055,0.8462083339691162,481770.0,120.44249725341797,1.2687589513668346e-06,0.5742102265357971,-1.7559618949890137
large,38,baseline,0.6775,0.6775352795769579,0.6785768940377137,0.6778755119633516,2.5115811824798584,720000.0,180.0,9.409722222222222e-07,,
large,38,scheduled,0.54625,0.5480247671435713,0.547707068802591,0.5459315128331897,0.9214985370635986,481770.0,120.44249725341797,1.133839799074247e-06,0.5974780321121216,-2.111020565032959
large,39,baseline,0.71375,0.7213049688697201,0.7144297840524256,0.7135373253385676,2.0845375061035156,720000.0,180.0,9.913194444444445e-07,,
large,39,scheduled,0.56,0.5602237061166432,0.5603162246558472,0.5599085007711452,0.9117381572723389,481770.0,120.44249725341797,1.1623803889822945e-06,0.5849098563194275,-1.9972153902053833
large,40,baseline,0.71375,0.7135017234457276,0.7134771171494335,0.7130973710192935,2.1764090061187744,720000.0,180.0,9.913194444444445e-07,,
large,40,scheduled,0.5775,0.5762534522320999,0.5781678773204196,0.5765773319511353,0.9093306064605713,481770.0,120.44249725341797,1.1987047761379912e-06,0.5800726413726807,-1.8879218101501465
large,41,baseline,0.6525,0.6534937781740849,0.6575667429078945,0.6523554729635919,2.342033863067627,720000.0,180.0,9.0625e-07,,
large,41,scheduled,0.54375,0.5442801053864862,0.5454245447942415,0.5438184395950442,0.8650856018066406,481770.0,120.44249725341797,1.1286506009091474e-06,0.5993162989616394,-2.1230268478393555
large,42,baseline,0.7125,0.7126648008670481,0.713491528643765,0.7129177447490064,2.031710386276245,720000.0,180.0,9.895833333333333e-07,,
large,42,scheduled,0.56,0.5600339390778233,0.5613915839672668,0.5588729372965627,0.9068441390991211,481770.0,120.44249725341797,1.1623803889822945e-06,0.5707123279571533,-1.8995728492736816
large,43,baseline,0.6675,0.667902594020037,0.6695266574602187,0.6670297610707542,2.100308895111084,720000.0,180.0,9.270833333333333e-07,,
large,43,scheduled,0.54,0.5435547856366632,0.5411502667120645,0.5392503578954534,0.950650691986084,481770.0,120.44249725341797,1.1208668036614983e-06,0.585518479347229,-2.078287124633789
large,44,baseline,0.7475,0.7513409918670847,0.7491779181761592,0.7472493557804549,2.1762874126434326,720000.0,180.0,1.0381944444444446e-06,,
large,44,scheduled,0.58625,0.5875321038404805,0.585204231131566,0.5855682591817646,0.8621611595153809,481770.0,120.44249725341797,1.2168669697158397e-06,0.5719395279884338,-1.7226923704147339
large,45,baseline,0.69125,0.6949944455229837,0.6933605780620705,0.6902975653376089,2.2340896129608154,720000.0,180.0,9.600694444444446e-07,,
large,45,scheduled,0.53875,0.542765596525241,0.5398760167416884,0.5389736319312428,0.9498589038848877,481770.0,120.44249725341797,1.1182722045789484e-06,0.5767906308174133,-1.6576337814331055
large,46,baseline,0.72125,0.7235405294714014,0.7219997577979894,0.7213926050484818,2.417490005493164,720000.0,180.0,1.0017361111111111e-06,,
large,46,scheduled,0.5775,0.576460406812453,0.5760051031400364,0.5749134429362707,1.1135952472686768,481770.0,120.44249725341797,1.1987047761379912e-06,0.5782424807548523,-1.9007885456085205
large,47,baseline,0.7325,0.7331743580219018,0.7312499920803169,0.7313351016799293,2.0793297290802,720000.0,180.0,1.017361111111111e-06,,
large,47,scheduled,0.55875,0.5592657494764887,0.5590780369661236,0.5590053982084076,0.9262573719024658,481770.0,120.44249725341797,1.1597857898997446e-06,0.593733012676239,-2.2385568618774414
large,48,baseline,0.6625,0.6705886855941391,0.6646667210869546,0.6618790772007412,2.097841739654541,720000.0,180.0,9.201388888888889e-07,,
large,48,scheduled,0.545,0.5445970695970695,0.5448513872638386,0.5446913310231858,0.8786904811859131,481770.0,120.44249725341797,1.1312451999916973e-06,0.5859495997428894,-1.9917348623275757
large,49,baseline,0.62375,0.6338274938459286,0.6261263449604381,0.6226957064145819,2.5703201293945312,720000.0,180.0,8.663194444444445e-07,,
large,49,scheduled,0.53,0.5315522307362257,0.5302610289924256,0.53063687443721,0.9393107891082764,481770.0,120.44249725341797,1.1001100110011001e-06,0.5970001816749573,-2.186328411102295
